job_title,job_seniority
VP Marketing & Business Development,vice_president
Machine learning engineer,individual_contributor
Director of Marketing,director
Product Manager,manager
Investor Relations Assistant,individual_contributor
Marketing & Events Coordinator,individual_contributor
"Director, Accelerated Growth",director
Infrastructure Analyst,individual_contributor
Chief Operations Officer,executive
"Director, Information Security Officer",director
Research Analyst,individual_contributor
Sales Operations Manager,manager
Associate,individual_contributor
Director of Special Needs,director
"Senior Manager, Marketing, Personal Care Latin America",manager
Nova Programme Workstream Manager,manager
Associate General Counsel & Chief Compliance Officer,executive
"General Manager, Talent and Organizational Development",executive
"Director, Information Protection",director
Office/ Operations Manager,manager
Chief Marketing & Communications Officer,executive
Corporate HR Director,director
CFO,executive
"Vice President, Information Security & Enterprise Technology",vice_president
Other,unknown
Systems Administrator,individual_contributor
协同信息部高级经理 ,unknown
Architect,individual_contributor
"Manager, Customer Engagement & Digital Marketing",manager
Vice President of Marketing,vice_president
"Vice President, Sales (Global Governments & Critical Infrastructure)",vice_president
"Vice President, Global IT Audit",vice_president
IT/IS Director,director
Product,unknown
"Director, Volunteer Services",director
"Partner; Chair, White Collar/Government Investigations Group",executive
"Senior Financial Analyst, Financial Planning and Analysis",individual_contributor
Executive VP & General Counsel (S&P Global),executive
HRD,unknown
Senior Data Engineer,individual_contributor
CEO / Founder,executive
Senior Conference Manager- Structured Finance,manager
VP of Sales and Marketing,vice_president
Government Contracts Specialist,individual_contributor
"Vice President & Manager, Analytics",vice_president
Head Core Platforms,director
"Senior Manager, Learning Strategy - IT",manager
Development Director,director
Director of Finance,director
Global Director / Chief Data Architect,director
Superintendent,individual_contributor
"Executive Vice President, Global Strategy & Business Development Affairs",executive
Operations Chief,executive
GM/Managing Dir N. America,executive
Senior Vice-President Strategic Planning,vice_president
"Manager, Talent Acquisition",manager
Information Technology Manufacturing Infrastructure Manager,manager
Partner,executive
Tech. Trainer,individual_contributor
"Director, Client Success EMEA",director
"Manager, Product Development & Purchasing",manager
"Manager, Finance",manager
Core Software Engineer,individual_contributor
Vice President,vice_president
Director of Marketing ,director
Global Head of Talent Development,director
Physician Assistant,individual_contributor
"Manager, IT Application Solutions & Asset Management",manager
Compliance Ofcr,unknown
NO longer there,unknown
Director of Engineering,director
Deputy Director Public Works,director
Assistant Manager - Information Technology Operations,manager
Inbound Customer Service Representative,individual_contributor
Assistant of CEO,executive
"Project Manager, Information Technology",individual_contributor
Senior BI Informatics Analyst,individual_contributor
HRIS Analyst IV,individual_contributor
IT Advisor,individual_contributor
"Senior Director, Financial Systems",director
Vice President & Chief Information Officer,executive
Social Media Strategist,individual_contributor
Reporting Analyst,individual_contributor
Chief Operating Officer,executive
Managing Partner | Digital Strategy,executive
Head of Cybersecurity,director
D.M.D.,unknown
"Vice President, Learning and Development",vice_president
Senior Systems Administrator,individual_contributor
,unknown
Database Administrator & L&R Technician,individual_contributor
Quality Assurance Lead,individual_contributor
"Vice President, Wealth Management Advisor",vice_president
"Vice President, Finance",vice_president
Electrical Engineer,individual_contributor
Account Manager,individual_contributor
"Director, Information Technology",director
Senior Partner,executive
"Sr. Manager, Digital Marketing",manager
Crane and Equipment Acquistion Manager,manager
CDIP,unknown
Laboratory Director,director
Premium Seating Coordinator,individual_contributor
Director of Audit and Compliance,director
Senior Delivery & Improvement Lead,individual_contributor
"Partner, Head of Business Development",executive
"Senior Manager, Human Resources Business Partner",executive
Enterprise Systems Engineer,individual_contributor
Chaos Engineer,individual_contributor
"Manager, Digital Marketing (Teksystems)",manager
EVP & COO,executive
Regional Head Of Service Delivery,director
C.E.O,unknown
"Director, Licensing & Business Development",director
Professor,individual_contributor
"Senior Program Manager, Cloud & Mobile",manager
General Manager,executive
Interactive Designer,individual_contributor
Sheriff,unknown
Executive Director of Student Services,director
Analyst / IC,individual_contributor
Infrastructure Architect,individual_contributor
Global Channel Marketing Lead,individual_contributor
Co-Director,director
Director Global Philanthropy,director
Lead Enterprise Cloud Architect,individual_contributor
Integrated Avionics Remotely on Piloted Aircraft,unknown
Systems Design & Integration Specialist (Storage),individual_contributor
SVP of Org Development,vice_president
Territory Manager,manager
"Vice President, Operations",vice_president
"Senior VP, Consumer Services",vice_president
Vice President of Sales,vice_president
new TLA,individual_contributor
"Senior Manager, Brand & Product Insights",manager
Information Technology Support and Television Media,individual_contributor
Vice President Business Development,vice_president
"Director, Real Estate",director
IT Manager - Enterprise Solutions,manager
Territory Executive,executive
Cloud Engineer,individual_contributor
Board Member/ School Board,executive
Chief Executive Officer,executive
Manager Talent Acquisitions (Systems Management),manager
"Founder, President & Chief Executive Officer",executive
Senior Accountant,individual_contributor
ITS Director,director
Senior Software Engineer,individual_contributor
"Technologies Director, CRM",director
CFO Germany / Austria / Switzerland,executive
"Senior Vice President, Team Resources & Talent Management",vice_president
"Director, Global Security Strategy and Support",director
Chief Financial Officer,executive
"Manager, Regional Core Recovery Network",manager
"Director, Public Relations & Marketing (Kendal at Hanover)",director
Principal,individual_contributor
"Senior VP, Human Resources (Talent & Culture)",vice_president
Associate Corporate Accounting Coordinator,individual_contributor
"Director, IT Risk & Compliance",director
Chief Information Officer (DB International),executive
Global SVP - Customer Success,vice_president
Chief Creative Operations Officer,executive
Executive Director of Sales Engineering,director
General Counsel,individual_contributor
"Vice President & Senior Manager, Treasury Analytics",vice_president
Registered Architect,individual_contributor
Business Intelligence Developer,individual_contributor
Information Security Engineer,individual_contributor
Practice Area,unknown
Purchasing Manager,manager
Senior Sales Director,director
Integrated Media Supervisor,manager
"Global Manager, Investment Operations Outsourcing Process Implementation",manager
Information Technology Manager,manager
Chief Engineer,individual_contributor
Executive Vice President of Delivery,executive
Senior Attorney,individual_contributor
Associate Vice President & Associate General Counsel (Marketing & Intellectual Property),vice_president
Audio Engineer,individual_contributor
"Manager, Accounts Payable",manager
Founder & Chief Executive Officer,executive
Demand Generation Manager,manager
Vice President & Managing Director (EMEA),vice_president
Chef de projet marketing,unknown
VP Product Management,vice_president
VP of Finance and Acct.,vice_president
VP of Strategic Partnerships,vice_president
Skywise Ontology Product Owner - Digital Transformation Office,executive
Co-Founder,executive
Market Research Specialist,individual_contributor
Physician Recruiter,individual_contributor
Infrastructure Delivery Coordinator,individual_contributor
"Senior Counsel, Wealth Management",individual_contributor
Design Director,director
"Manager, Social Media & Content",manager
Vp Of Operations,vice_president
Teamverantwortlicher,unknown
Principal Technical Engineer,individual_contributor
"Manager, Sales & Marketing",manager
System Administrator,individual_contributor
Cloud Platform Architect,individual_contributor
Finance Director,director
Security Engagement Specialist,individual_contributor
"Supervisor, Information Technology",manager
Director of Human Resources,director
"VP, Facilities and EHS and Chief Sustainability Officer, Life Sciences Solutions Group",executive
Senior Recruiter,individual_contributor
Leiter Controlling & Risk Management,individual_contributor
HR Generalist,unknown
Senior Operations Specialist,individual_contributor
Sales Engineer,individual_contributor
Marketing Services Lifestyle Head,director
IT Technician,individual_contributor
Doctor,unknown
Call Center Technician,individual_contributor
IT Systems Administrator,individual_contributor
"Director, PMO Services",director
Vice President of HR,vice_president
"Manager, Internal Marketing Communications",manager
デジタル企画部 上席調査役,unknown
Leader of Data,individual_contributor
Head of Marketing Operations,director
"Senior VP, Data Platform",vice_president
"Director, Risk Management",director
IT Consultant,individual_contributor
Accounting,unknown
"Director, Software Development",director
Provider Recruiter,individual_contributor
Associate Engineer,individual_contributor
"Vice President, Content Technology",vice_president
Associate Professor,individual_contributor
Owner,executive
"Director, Engineering",director
owner,executive
Software Development Engineer I,individual_contributor
Director,director
Senior VP & Chief Operating Officer,executive
Chief Technology Officer,executive
social media specialist // community relations,individual_contributor
Audit Project Director,director
Systems Support Analyst,individual_contributor
Vice President of Finance,vice_president
"Director, Marketing & Communications",director
"Executive Director, Is",director
Comptroller,unknown
Director of the Choice Program,director
Program Manager,manager
"Manager, Network Design & Build",manager
"VP, General Counsel",vice_president
Operationeel Directeur,unknown
Senior Data Warehouse Developer,individual_contributor
Chief of Radiology,executive
Director - Call Centre Enterprise Planning,director
T.i,unknown
"Manager, Network & Security Infrastructure",manager
Director of Global IT Security,director
Senior Director - Legal and Risk Management,director
Director of Client Services,director
Partnerships Lead,individual_contributor
"General Manager, Global Advertising & Brand Solutions",executive
"Vice President, Marketing",vice_president
Field Sales Manager,manager
Technical Support Engineer,individual_contributor
Maintenance Manager,manager
"Senior Vice President, Supply Chain & Operations",vice_president
Sup. Telecomunicações,unknown
Bmg Customer Service Representative & Supervisor,manager
"Program Manager, Security",manager
Account Executive,individual_contributor
Salesforce Administrator,individual_contributor
Head of Brand Communications,director
Senior Program Manager,manager
Unix System Administrator,individual_contributor
"Manager, Information Technology (Latin America Region)",manager
Solutions Architect,individual_contributor
"Manager, Information Technology",manager
Marketing Director,director
Technical Support Analyst Tier II,individual_contributor
Database administrator,individual_contributor
Sales Operations Specialist,individual_contributor
Assistant Sports Information Director,director
CIO,executive
Executive Marketing Consultant,executive
Vice-President Operations,vice_president
Director of Customer Retention,director
"Director, Corporate Communications",director
"Vice President Finance, Tax and Treasury",vice_president
Bid Desk lead,individual_contributor
Assistant Town Manager/Human Resources Director,director
Manager,manager
Lecturer,individual_contributor
Director of Product Development,director
Supply Chain Manager,manager
"Senior Manager, Operations & Technology Consulting",manager
Associate Brand Manager,manager
Dir HR & Employee Training & Dev,director
"Manager, Special Projects",manager
"Senior Administrative Liaison, Business Support",individual_contributor
Contracts Specialist,individual_contributor
GM Cubicle Curtains,executive
Deputy Chief Information Officer,executive
Transportation and Exchange Representative,individual_contributor
Senior Marketing Manager,manager
Medical Staff Coordinator,individual_contributor
VP EMEA Finance and Strategy at The Estee Lauder Companies Inc.,vice_president
Content Security Officer (Amazon Studios),individual_contributor
Global Infrastructure Director,director
Senior Project Manager,individual_contributor
Marketing Executive,executive
Director Of Information Technology,director
"Director, Infrastructure",director
Infection Prevention Director,director
Executive Management,executive
QC (Chemistry) Technician,individual_contributor
Chief Information Officer,executive
Member of the Group Executive Board,executive
Senior Director of High Performance Compute Engineering,director
"Vice President, Enterprise Technology & Risk",vice_president
Director of Facilities Engineering,director
Senior Brand Manager,manager
Director of Cyber Security Engineering,director
Engineering Director,director
Operations Manager,manager
Chief Network Officer,executive
VP,vice_president
Technology Coordinator,individual_contributor
"Director, Enterprise Infrastructure Services",director
VP of Sales,vice_president
Product Owner,executive
Accounts Payable,unknown
-,unknown
Director of Customer Experience,director
Director of Affiliate Programs,director
cyber security engineer,individual_contributor
Associate Director-User Experience Manager,director
Bsn Representative,individual_contributor
Chef Digital Strategi och Automation,unknown
People & Organisational Development Directo,unknown
Executive Assistant,individual_contributor
Senior Staff RF/Wireless Engineer,individual_contributor
Senior Marketing Lead,individual_contributor
"Manager, Purchasing",manager
Sr. Vice President & Credit Administration Officer,vice_president
"Manager, Supply Chain",manager
"Manager, Emerging Technology",manager
Head of Global Subcustodian Relationship & Network Management,director
"Director, Clinical Information Systems",director
Data Master & Manager,manager
"Director, IT & Business Operations (CRM)",director
"Manager, Website Product Marketing",manager
"Senior VP, Software Defined Infrastructure & Cloud Computing Mastercard",vice_president
System Analyst,individual_contributor
"Vice President, Enterprise Architecture & IoT Platform",vice_president
People Operations,unknown
"Director, Marketing Operations",director
Chief Information Officer / Chief Technology Officer / Vice President Information Technology,executive
CHIEF TECHNOLOGY OFFICER,executive
Marketing Compliance & Product Analyst,individual_contributor
ADMIN,individual_contributor
"Executive VP, Operations",executive
Senior Web & Digital Graphic Designer,individual_contributor
Senior Marketing and Communications Manager,manager
"Sr. Manager, Talent Acquisition",manager
"Vice President, Controller",vice_president
Direttore Commerciale,unknown
"Associate General Counsel & Senior VP, Legal Operations At Charter Communications",vice_president
Marketing director,director
Senior Sales Manager,manager
Chief Executive Officer (Healthcare Division),executive
"Information Security Manager, North and Latin Americas",manager
"Senior Director, Digital Platform Engineering",director
Managing Director,director
"Manager, Content Marketing",manager
Director of IT,director
VP National Marketing,vice_president
"Manager, Customer Marketing",manager
Network and IT Procurement Manager,manager
Senior Vice President Human Resources,vice_president
Executive Assistant To the Chief Executive Officer,individual_contributor
Lead Project Controls Engineer - Generation Outage Team,individual_contributor
"Vice President, Digital Marketing & Customer Experience",vice_president
Plant Manager,manager
FullStack Developer,individual_contributor
Vpevpsvp,unknown
Security Analyst,individual_contributor
Senior Application Engineer,individual_contributor
"Manager, Network",manager
"Vice President, Business Development",vice_president
"Chief Information Officer, Financial Resources Management & Securities",executive
IT professional,individual_contributor
"Manager, Marketing",manager
"Manager, Legal Operations",manager
"Supervisor, Integrated Strategy",manager
Operations Integration Specialist,individual_contributor
Director;  Retail Operations,director
"Manager, Financial Crime Complianc",manager
"Executive Director, Supply Chain Management & Deputy Procurement Officer",director
"Assistant Director, the NIH Funded IMSD Program",director
Junior Art Director,director
National Logistics Manager,manager
Executive Director,director
"Director, Global Product Management",director
Senior Network Analyst,individual_contributor
"Network Engineer, Service Delivery Engineer",individual_contributor
EVP,executive
Executive Vice President & Global Chief Strategy Officer,executive
Records Custodian,unknown
an HR Professional,individual_contributor
Project Architect,individual_contributor
Site Director,director
"Senior DevOps, Security Engineer",individual_contributor
"Director, Audit",director
"Organization Director, People",director
Creative Brand Director,director
IT Architect I,individual_contributor
Manager of Medical Staff Credentialing,manager
"Director, Systems Engineering",director
HR,unknown
Senior Design Engineer,individual_contributor
Assistant Principal,individual_contributor
"Program Manager, GRC",manager
Business Analyst,individual_contributor
Database Administrator,individual_contributor
Exective Principal,individual_contributor
"Director, Resort Accounting",director
Head of Plan & Control,director
"Vice President, Chief Actuary",vice_president
Solution Architect,individual_contributor
"Executive Vice President, (The Americas)",executive
Investments Manager,manager
VP Technology & Engineering,vice_president
Director of Business development,director
CISO,executive
Human Resources Manager,manager
"Sr. Director, US Human Resources & EHS",director
"Director, Information Security",director
Designer,individual_contributor
기타,unknown
Strategic Sales,individual_contributor
Unknown,unknown
Information Technology Coordinator,individual_contributor
"Vice President, Information Technology",vice_president
"Program Manager, Learning & Development",manager
Performance Marketing Manager,manager
Manager of Operations,manager
Senior Membership Manager,manager
Network Engineer,individual_contributor
market strategist,individual_contributor
programmer,individual_contributor
Marketing Admin,individual_contributor
Founder & Chief Technology Officer,executive
Business Development Representative and Social Media Manager,manager
-Administrative Assistant to DRMO Chief (2006) -Created process to coordinate Navy leave requests wi,individual_contributor
Audit Associate,individual_contributor
"Senior VP, Global Sales",vice_president
Chief Compliance Officer,executive
IT Operations Manager,manager
Facilities Operations,unknown
Business Intelligence Architect,individual_contributor
"Senior Manager, Talent Management",manager
Marketing Manager,manager
"Manager, Information Security",manager
Chief Marketing Officer,executive
Electrical Technician,individual_contributor
SQL Server Database Administrator,individual_contributor
Process Control Engineer,individual_contributor
"Vice President, Corporate Communications",vice_president
Kierownik laboratorium,unknown
Senior Technical Architect,individual_contributor
Controller,individual_contributor
On Site,individual_contributor
"Manager, Analytics & Market Research",manager
Senior Manager,manager
Division Vice President,vice_president
Clinical Vice President of Internal Medicine,vice_president
Chief Medical Officer - Acuity Healthcare & Acuity Specialty Hospital of Southern New Jersey,executive
Clinical Manager - Chestnut Hill Family Practice,manager
Build Engineer,individual_contributor
"Vice President, Mobility Engineering & Operations",vice_president
Ecommerce Development Manager,manager
"Senior VP, Systems Integration",vice_president
Vice President & Portfolio Manager &Investment Manager,vice_president
Senior Consultant,individual_contributor
CTO/VP of IT,executive
VP Sales Marketing,vice_president
VP of IT,vice_president
fabrics,unknown
AWS DevOps Engineer,individual_contributor
Research & Development Engineer,individual_contributor
Head of Application Development & Technical Services (EMEA),director
Risk Management Officer,individual_contributor
Emergency Department Director,director
"Manager, Client Project Management Team",manager
No Job Title Specified,unknown
"Director, Marketing",director
OWNER,executive
CEO,executive
"VP, Supply Chain",vice_president
Analista,unknown
Chief Underwriter,executive
Marketing - Coordinator,individual_contributor
"CEO, Casted",executive
"Vice President, Operations, Manufacturing & Supply Chain",vice_president
Chief Human Resources Officer,executive
"Director, Information Security Governance & Risk Management",director
Mr,unknown
"Director, Technology Solutions CRM Delivery (US)",director
"eCommerce Corporate QA Manager, Information Technology",manager
"Marketing Manager, New Revenue",manager
"Vice President, Strategic Solution Sales & Marketing",vice_president
CSR reporting,unknown
"Director, Strategy & Architecture",director
HR Manager,manager
"Manager, Marketing Communications",manager
Detective,unknown
Technical Manager,manager
Systeem Architect - ICT,individual_contributor
Gerente Geral em Consultoria,unknown
"Senior Director, Marketing (Demand Generation)",director
RTE,unknown
Executive,executive
"Vice President, Sales Middle Africa Cyber Security (Europe, East)",vice_president
"Senior Director, Product Marketing (Birst)",director
"AVP, Technology, Software Development",vice_president
President,executive
Manufacturing Engineering Manager,manager
Data Scientist,individual_contributor
"Manager, PPC and Digital Marketing",manager
Vice President Of Operations,vice_president
CORP IT Manager,manager
Data Quality & Governance Analyst,individual_contributor
"Manager, Information Architecture",manager
Director National/Strategic Accounts,director
과장,unknown
GIS Technician,individual_contributor
Vp of IT Infrastructure,vice_president
Chief of Staff,executive
Executive Director of Elementary Education,director
"Director, Marketing Services",director
"Human Resource Manager, Administrator",manager
Chief Brand & Innovation Officer,executive
Director of Life Science - Healthcare Technology,director
PARTNER,executive
Benefits Manager,manager
"Director, IT Operations",director
"Director, Product Marketing",director
Cofounder,executive
Senior Systems Analyst,individual_contributor
Board Chair,unknown
Founder,executive
Responsable Ressources humaines,unknown
Project Engineer,individual_contributor
Database Analyst,individual_contributor
"Divisional Vice President, Federal Government Affairs",vice_president
Security Operations Center Specialist,individual_contributor
Executive Administrative Assistant,individual_contributor
Digital Strategist,individual_contributor
Head of Operations,director
Marketing Analyst (Energy),individual_contributor
"Manager, Field Marketing (Northern & Western, (EMEA, Europe)",manager
Sr Tech Recruiter,individual_contributor
"VP, Security Solutions",vice_president
Digital Marketing Designer,individual_contributor
Financial Care Counselor,individual_contributor
Chief Product Officer,executive
Applications Management Support,unknown
"Insurance Practice Lead, National Partner",executive
"Assistant VP, Data Science Program",vice_president
"Vice President & Manager, Technology",vice_president
Senior IT Security Analyst,individual_contributor
"Director, Marketing Planning and Strategy",director
"Senior Project Manager, Business Technology",individual_contributor
QA Engineer,individual_contributor
Senior Content Strategist,individual_contributor
Project Manager,individual_contributor
Student,unknown
Marketing Operations Manager,manager
Chief Data Officer,executive
Director of Operations,director
Online Marketeer,unknown
Global Treasurer,unknown
Pre-Admission Test Nurse,individual_contributor
Dell Global Account Manager,individual_contributor
Clinical Compliance Auditor,individual_contributor
"Vice President, Enrollment & Marketing",vice_president
Analyst,individual_contributor
Senior Consultant - Transaction Advisory Services,individual_contributor
Data Analyst,individual_contributor
Senior Product Marketing Manager M365 Security,manager
5,unknown
"Infrastructure Director, Information Technology",director
Health Care IT Project Manager,individual_contributor
Process Technician,individual_contributor
"Global Marketing Manager, Whole Blood Automation",manager
Senior IT Internal Auditor,individual_contributor
"Global Vice President, Technology Services",vice_president
Senior Manager of Digital Media,manager
"Project Manager, Product Management",individual_contributor
"Senior Manager, Social Media & Content Marketing",manager
"Vice President, Media Equity Research",vice_president
Director Talent and Org Development,director
"Senior Director, Video Production",director
"Senior Director, Marketing Operations",director
"Development Manager, Information Technology",manager
"Division Technology Platforms Fighting Fraud & Risk Monitoring Vice President, Operations",vice_president
Manger,unknown
"Supervisor, Information Security Specialist",manager
Vice President and Chief Information Officer,executive
Technical Sales Manager,manager
"V.P., Audit Operations",individual_contributor
Head of Internal Sales - EPS UKI,director
Senior Analytics Manager,manager
Sales Executive,individual_contributor
Developer,individual_contributor
Director of Instructional Technology,director
"Vice President, Reimbursement",vice_president
Global Digital Team,unknown
Chairman & Chief Executive Officer,executive
MD,unknown
Vp of Workforce Managment,vice_president
Senior Account Executive - Team Lead,individual_contributor
Director of Human Resources and Corporate Recruiter,director
"Product Marketing Director, Revenue and Customer Management",director
Associate Vice President of Digital Enterprise Services,vice_president
Digital Manager,manager
"Chief Marketing Officer, Marketing",executive
"Vice President, Marketing and Product Management",vice_president
Software Developer,individual_contributor
Vice President Office of Corporate Engagement,vice_president
District Manager,manager
It Director,director
"Senior Director, Information Systems and Technology",director
Director of Information Technology,director
"Vice President, Audit Services",vice_president
"Executive VP & Chief Administrative Officer, Walmart International",executive
"Security Director, Information Technology",director
VP of Products,vice_president
Head of Enterprise Architecture and Analysis,director
VP-Corporate Finance & Chief Accounting Officer,executive
"Vice President, Human Resources",vice_president
World Wide Marketing Operations Manager,manager
"Sr. Software Engineer, Technical Architect",individual_contributor
"Manager, Compliance Governance, Risk & Process",manager
HR- Manager,manager
Sr. Marketing Coordinator,individual_contributor
Senior IT Leader,individual_contributor
Commercial Lead,individual_contributor
"Director, Media Products",director
Chairman & CFO,executive
IT Production Manager,manager
"Director, Employee Experience",director
Safety Manager,manager
"Vice President, Accounting",vice_president
"Vice President, Human Resources (Medication & Procedural Solutions)",vice_president
Program Manager - Medical Foundation Compliance,manager
Web Designer,individual_contributor
Princpal/CFO,executive
?,unknown
Chief,executive
"Manager, Staffing Workday Practice",manager
"Director, Global IT Solutions",director
Agency Supervisor,manager
Vice President Of Operations For The Us And Mexico,vice_president
VP of Analytics,vice_president
"Associate Manager, Digital Marketing",manager
Marketing and Events,unknown
Senior Litigation Paralegal,individual_contributor
"Director, IT & Product Development",director
"Manager, IT Compliance",manager
VP Global Marketing,vice_president
Chief Financial Officer (Singapore),executive
Capital Litigation Specialist,individual_contributor
"Executive Assistant, Chief Financial Officer",individual_contributor
Director of Latin American Programs,director
Partnerships Executive,executive
Software Engineer,individual_contributor
Managing Partner,executive
Vice President & General Counsel,vice_president
Market Research Analyst,individual_contributor
"Assistant Vice President, Senior Corporate Communications Specialists",vice_president
"Global Associate Director, Analytics & Insights",director
"Director, Health Information Management",director
"Director, Operations",director
Vice President Finance and Controlling,vice_president
Chief Security Officer,executive
"Vice President, Sales Operations, Strategy & Channel Sales",vice_president
"Director, Medicare Operations - Customer Service",director
"Director, Information Systems",director
"Vice President, Brand Marketing",vice_president
Accounting Manager,manager
Assistant Controller,individual_contributor
Information Technology,individual_contributor
Compliance and Ethics Director,director
Desktop Support Technician,individual_contributor
"Deputy CIO & Assistant VP, Strategic Initiatives & Portfolio Management",executive
"Program Manager, Technology Operations, Engineering & Support",manager
Sr Manager Security Engineering,manager
President/Owner,executive
"Vice President, Information Services",vice_president
Engineering Manager,manager
Head of Data Science,director
"Senior Director, WW Channel and Field Marketing",director
Radiology Medical Director,director
"Senior Manager, Product Marketing",manager
Network Specialist,individual_contributor
Chief Financial Officer & Chief Operating Officer,executive
Supply Chain Quality Manager (Vendor Compliance),manager
Assistant Accountant,individual_contributor
Human Resources,individual_contributor
Senior VP & Chief Information Officer,executive
Systems Architect,individual_contributor
Vice President Finance,vice_president
Systems Engineer,individual_contributor
"Senior Director, Growth & Product",director
Chief Information Security Officer,executive
Demand Generation Senior Manager,manager
"Sr. Director, Financial Planning & Analysis",director
"Manager, Business Systems & Compliance",manager
"Manager, Product Marketing",manager
Trade Show Manager,manager
COO,executive
"Team Lead, Security Engineering",manager
Windows Server Administrator,individual_contributor
Member - Medical Board,executive
Senior Regional Director,director
Principal | Executive VP- B+H Asia,executive
EHS Manager,manager
Head of Partner Marketing,executive
Principal Software Engineer,individual_contributor
Architectural Project Manager,individual_contributor
"Global Director, IT Services",director
PM,unknown
Recruitment Specialist,individual_contributor
"Manager, Retail Marketing & Customer Experience",manager
IT Domain Architect,individual_contributor
Sr. Lead Recruiter,individual_contributor
"Vice President, Engineering",vice_president
Office Manager,manager
Software developer,individual_contributor
"Insight & Innovation Vice President, Customer",vice_president
Senior Mkting Director- Key Accounts Services,director
"Director, Human Resources",director
Director Institutional Advancement Communications,director
Community Relations Specialist,individual_contributor
Assistant Marketing Manager,manager
Director Global Sales Support,director
Senior Cloud Automation Engineer,individual_contributor
First Shift Supervisor,manager
Membership Director,director
Trainer,individual_contributor
Quality Manager,manager
Project Manager - Process Engineer,individual_contributor
Freelance,unknown
MANAGER,manager
"Senior Global Community Affairs Manager and President, the Synopsys Foundation",executive
Web Content Production Specialist,individual_contributor
IT Manager,manager
Sports Broadcaster,unknown
Staff Recruiter,individual_contributor
Network Administrator,individual_contributor
"Manager, Security",manager
AGC - IP and Privacy,unknown
Head of Marketing,director
Support Engineer,individual_contributor
Network Support & Solutions Administrator,individual_contributor
Senior Application Security Engineer,individual_contributor
"Director, Software",director
Process Owner,executive
Marketing Client Services Manager,manager
Interim Chief Information Officer,executive
Chief Financial Officer (Banner Health),executive
On-Site Asset Services Lead,individual_contributor
Technical Accounting Manager,manager
Digital Marketing Specialist,individual_contributor
Social Media Coordinator,individual_contributor
Production Assistant,individual_contributor
It manager,manager
Sr Director - Technology,director
"Senior Director, Product Innovation",director
Senior IT Analyst,individual_contributor
Network Engineering Director,director
IT- Administrator,individual_contributor
Quality Director,director
"Executive VP, Daily Operations",executive
Tax Director,director
Chief Financial Officer & Group Controller,executive
VP Human Resources,vice_president
PLEASE FILL THIS OUT,unknown
Chief Steward,executive
president,executive
Help Desk Coordinator,individual_contributor
Senior Analyst,individual_contributor
Independent Distributor,individual_contributor
Executive Director: Marketing and Business Intelligence,director
IT Operational Readiness Manager,manager
Chargee de clientele,unknown
Security Captain,individual_contributor
Java Developer and Software Engineer - Senior Principal Software Engineer 3,individual_contributor
"Vice President, Global Sales",vice_president
Group Leader,individual_contributor
Inhouse Recruiter,individual_contributor
Assistant,individual_contributor
Information Security Analyst,individual_contributor
Brand Director,director
Director of Marketing & Business Development,director
"Director, Engineering & Platform Development",director
Procurement,unknown
VP - Governance and Digital Technology,vice_president
QA Lead,individual_contributor
IT Administrator,individual_contributor
